,time,FR,ES,PT,GB,IT
0,1980-01-01 00:00:00,0.101653,0.45719899999999997,0.488541,0.202439,0.862289
1,1980-01-01 01:00:00,0.085341,0.473538,0.46681999999999996,0.201569,0.8256620000000001
2,1980-01-01 02:00:00,0.07331599999999999,0.487729,0.465008,0.201467,0.7993899999999999
3,1980-01-01 03:00:00,0.063907,0.49323999999999996,0.483534,0.203231,0.762464
4,1980-01-01 04:00:00,0.057477,0.49000200000000005,0.481925,0.20898899999999998,0.704006
5,1980-01-01 05:00:00,0.054509,0.493382,0.448349,0.210171,0.6405270000000001
6,1980-01-01 06:00:00,0.054817,0.494846,0.40061199999999997,0.21126599999999998,0.5741189999999999
7,1980-01-01 07:00:00,0.05512,0.495461,0.352871,0.21308400000000002,0.48391000000000006
8,1980-01-01 08:00:00,0.051823,0.48231599999999997,0.29933200000000004,0.21751399999999999,0.43393400000000004
9,1980-01-01 09:00:00,0.04829,0.46767200000000003,0.23675700000000002,0.21635500000000002,0.46653
10,1980-01-01 10:00:00,0.047798,0.526003,0.290624,0.211615,0.45309099999999997
11,1980-01-01 11:00:00,0.052588,0.556825,0.312996,0.212848,0.421626
12,1980-01-01 12:00:00,0.060597000000000005,0.5690569999999999,0.355635,0.22000799999999998,0.394173
13,1980-01-01 13:00:00,0.06663200000000001,0.5639029999999999,0.38618,0.232979,0.362699
14,1980-01-01 14:00:00,0.079074,0.542114,0.374278,0.250825,0.308399
15,1980-01-01 15:00:00,0.107374,0.513948,0.336847,0.285438,0.27142
16,1980-01-01 16:00:00,0.13833900000000002,0.5080859999999999,0.332394,0.31755,0.24677600000000002
17,1980-01-01 17:00:00,0.163324,0.5439579999999999,0.33421799999999996,0.33329699999999995,0.23753200000000002
18,1980-01-01 18:00:00,0.180509,0.5621470000000001,0.296813,0.338982,0.242727
19,1980-01-01 19:00:00,0.19018,0.569154,0.257708,0.33708899999999997,0.261684
20,1980-01-01 20:00:00,0.200964,0.564711,0.242986,0.334181,0.27789200000000003
21,1980-01-01 21:00:00,0.212333,0.53156,0.21178400000000003,0.32734800000000003,0.290976
22,1980-01-01 22:00:00,0.222786,0.48003100000000004,0.179552,0.31674,0.297612
23,1980-01-01 23:00:00,0.237394,0.44592299999999996,0.168743,0.306315,0.304087
24,1980-01-02 00:00:00,0.248381,0.43372,0.168191,0.29737199999999997,0.31401100000000004
25,1980-01-02 01:00:00,0.262705,0.430489,0.177151,0.291579,0.328071
26,1980-01-02 02:00:00,0.271539,0.425149,0.179045,0.285306,0.336318
27,1980-01-02 03:00:00,0.285907,0.43227,0.16869,0.275912,0.346395
28,1980-01-02 04:00:00,0.295616,0.44455900000000004,0.156441,0.261629,0.339937
29,1980-01-02 05:00:00,0.301871,0.447297,0.13430799999999998,0.24526599999999998,0.337506
30,1980-01-02 06:00:00,0.301954,0.43659899999999996,0.10765999999999999,0.224617,0.341968
31,1980-01-02 07:00:00,0.298802,0.407348,0.08229700000000001,0.207494,0.350706
32,1980-01-02 08:00:00,0.27465100000000003,0.375725,0.058542,0.19233599999999998,0.39114699999999997
33,1980-01-02 09:00:00,0.228793,0.375565,0.046899,0.175246,0.43850100000000003
34,1980-01-02 10:00:00,0.22316599999999998,0.38805700000000004,0.049391000000000004,0.162176,0.474393
35,1980-01-02 11:00:00,0.246863,0.369504,0.06476799999999999,0.15608,0.500887
36,1980-01-02 12:00:00,0.25552199999999997,0.336669,0.093231,0.14861300000000002,0.5176189999999999
37,1980-01-02 13:00:00,0.24314000000000002,0.303733,0.12156800000000001,0.143099,0.521237
38,1980-01-02 14:00:00,0.22946599999999998,0.273642,0.133074,0.13965,0.52623
39,1980-01-02 15:00:00,0.251867,0.233147,0.121012,0.153099,0.534382
40,1980-01-02 16:00:00,0.277941,0.214006,0.12082000000000001,0.173005,0.559893
41,1980-01-02 17:00:00,0.276066,0.228771,0.157907,0.18895499999999998,0.606553
42,1980-01-02 18:00:00,0.25688099999999997,0.229467,0.15820599999999999,0.2065,0.650396
43,1980-01-02 19:00:00,0.224456,0.22401,0.139195,0.230238,0.682109
44,1980-01-02 20:00:00,0.198305,0.215036,0.117583,0.25704699999999997,0.719808
45,1980-01-02 21:00:00,0.182625,0.196639,0.102753,0.273065,0.765009
46,1980-01-02 22:00:00,0.172592,0.178868,0.091073,0.28532199999999996,0.799823
47,1980-01-02 23:00:00,0.166696,0.167624,0.088043,0.298047,0.807958
48,1980-01-03 00:00:00,0.157077,0.163391,0.095081,0.31400100000000003,0.8100930000000001
49,1980-01-03 01:00:00,0.150693,0.155191,0.10746300000000002,0.350622,0.818904
50,1980-01-03 02:00:00,0.155448,0.144808,0.119073,0.374782,0.823256
51,1980-01-03 03:00:00,0.152125,0.146263,0.123618,0.376691,0.806926
52,1980-01-03 04:00:00,0.133733,0.146857,0.14019600000000002,0.37937600000000005,0.770005
53,1980-01-03 05:00:00,0.123556,0.139717,0.160579,0.386533,0.734212
54,1980-01-03 06:00:00,0.135029,0.137222,0.153314,0.404843,0.69477
55,1980-01-03 07:00:00,0.15518800000000002,0.132373,0.149799,0.386368,0.6420520000000001
56,1980-01-03 08:00:00,0.157243,0.111382,0.137896,0.379239,0.630249
57,1980-01-03 09:00:00,0.14998699999999998,0.07280199999999999,0.058177,0.38658400000000004,0.68488
58,1980-01-03 10:00:00,0.157435,0.070836,0.031874,0.39850599999999997,0.722641
59,1980-01-03 11:00:00,0.178578,0.07716,0.027336000000000003,0.409094,0.733387
60,1980-01-03 12:00:00,0.189339,0.07835,0.015637,0.43866400000000005,0.734308
61,1980-01-03 13:00:00,0.200762,0.078843,0.010458,0.47015200000000007,0.719586
62,1980-01-03 14:00:00,0.225381,0.073573,0.008309,0.506876,0.697516
63,1980-01-03 15:00:00,0.262805,0.062637,0.009317,0.549158,0.676014
64,1980-01-03 16:00:00,0.30753400000000003,0.067617,0.013656,0.586713,0.648853
65,1980-01-03 17:00:00,0.335552,0.07657,0.015964,0.614642,0.619008
66,1980-01-03 18:00:00,0.351199,0.08742799999999999,0.020151,0.637559,0.577113
67,1980-01-03 19:00:00,0.360223,0.10503,0.026992000000000002,0.640484,0.531621
68,1980-01-03 20:00:00,0.368561,0.128171,0.037342,0.630361,0.493936
69,1980-01-03 21:00:00,0.378163,0.152383,0.046872000000000004,0.615934,0.460999
70,1980-01-03 22:00:00,0.38563600000000003,0.169652,0.053280999999999995,0.6089479999999999,0.434468
71,1980-01-03 23:00:00,0.38859099999999996,0.18199300000000002,0.060564,0.59304,0.418496
72,1980-01-04 00:00:00,0.399379,0.189467,0.063458,0.578237,0.419781
73,1980-01-04 01:00:00,0.409674,0.193504,0.06504299999999999,0.558812,0.41898500000000005
74,1980-01-04 02:00:00,0.40574499999999997,0.19293,0.07522899999999999,0.570487,0.423684
75,1980-01-04 03:00:00,0.390596,0.19104300000000002,0.092829,0.5809810000000001,0.421466
76,1980-01-04 04:00:00,0.381705,0.19341,0.11146400000000001,0.572655,0.400633
77,1980-01-04 05:00:00,0.37767399999999995,0.192106,0.123698,0.548607,0.36846799999999996
78,1980-01-04 06:00:00,0.380627,0.19137300000000002,0.11336199999999999,0.518796,0.33915
79,1980-01-04 07:00:00,0.394948,0.197768,0.09711,0.497842,0.301098
80,1980-01-04 08:00:00,0.401001,0.189531,0.07622899999999999,0.48271400000000003,0.30999099999999996
81,1980-01-04 09:00:00,0.40011399999999997,0.156901,0.040688999999999996,0.46946400000000005,0.34020900000000004
82,1980-01-04 10:00:00,0.41137299999999993,0.159447,0.024809,0.45307600000000003,0.34176100000000004
83,1980-01-04 11:00:00,0.42541899999999994,0.182162,0.023159,0.451049,0.345975
84,1980-01-04 12:00:00,0.406113,0.189557,0.027161,0.476116,0.350821
85,1980-01-04 13:00:00,0.389631,0.19318,0.038209,0.48523299999999997,0.347074
86,1980-01-04 14:00:00,0.375434,0.18887,0.047802,0.478013,0.311659
87,1980-01-04 15:00:00,0.391656,0.18288800000000002,0.060738,0.475116,0.282557
88,1980-01-04 16:00:00,0.390988,0.20205599999999999,0.096447,0.49053500000000005,0.281256
89,1980-01-04 17:00:00,0.386115,0.24163400000000002,0.147269,0.495536,0.262233
90,1980-01-04 18:00:00,0.366738,0.273865,0.18118900000000002,0.501695,0.23691900000000002
91,1980-01-04 19:00:00,0.341562,0.28718899999999997,0.183452,0.5090439999999999,0.20844400000000002
92,1980-01-04 20:00:00,0.32160500000000003,0.295481,0.16936800000000002,0.5236529999999999,0.179311
93,1980-01-04 21:00:00,0.300725,0.29687800000000003,0.157781,0.531359,0.153108
94,1980-01-04 22:00:00,0.280909,0.298483,0.166907,0.5279659999999999,0.13448800000000002
95,1980-01-04 23:00:00,0.262921,0.31512399999999996,0.171593,0.5136569999999999,0.126505
96,1980-01-05 00:00:00,0.243956,0.323694,0.184001,0.49880699999999994,0.1193
97,1980-01-05 01:00:00,0.23117800000000002,0.33541,0.183034,0.482745,0.11511800000000001
98,1980-01-05 02:00:00,0.229237,0.34660799999999997,0.183259,0.47981999999999997,0.11606500000000002
99,1980-01-05 03:00:00,0.235931,0.337983,0.18315499999999998,0.504128,0.118701
100,1980-01-05 04:00:00,0.2431,0.34107600000000005,0.184732,0.533726,0.123886
101,1980-01-05 05:00:00,0.257223,0.337363,0.163407,0.557841,0.128424
102,1980-01-05 06:00:00,0.26961199999999996,0.329731,0.125172,0.578567,0.130997
103,1980-01-05 07:00:00,0.274868,0.313775,0.086339,0.599404,0.111476
104,1980-01-05 08:00:00,0.27110500000000004,0.26360900000000004,0.054827,0.612923,0.09765399999999999
105,1980-01-05 09:00:00,0.253417,0.25001999999999996,0.030483999999999997,0.617552,0.11033699999999999
106,1980-01-05 10:00:00,0.25727,0.28467600000000004,0.023686000000000002,0.615246,0.127887
107,1980-01-05 11:00:00,0.28567600000000004,0.282359,0.016636,0.616386,0.154156
108,1980-01-05 12:00:00,0.311247,0.262088,0.010931,0.622296,0.17790799999999998
109,1980-01-05 13:00:00,0.307904,0.238425,0.016891,0.624763,0.175104
110,1980-01-05 14:00:00,0.287294,0.216364,0.033107,0.6292760000000001,0.1708
111,1980-01-05 15:00:00,0.313896,0.197268,0.042171,0.639646,0.185409
112,1980-01-05 16:00:00,0.354186,0.209019,0.062048,0.656892,0.20535
113,1980-01-05 17:00:00,0.383159,0.23279699999999998,0.096038,0.663151,0.23209899999999997
114,1980-01-05 18:00:00,0.396921,0.225239,0.10426300000000001,0.665525,0.270991
115,1980-01-05 19:00:00,0.395866,0.21302800000000002,0.083024,0.67132,0.308487
116,1980-01-05 20:00:00,0.38251399999999997,0.206472,0.051941999999999995,0.6687850000000001,0.348246
117,1980-01-05 21:00:00,0.36490900000000004,0.193381,0.044078,0.657281,0.396097
118,1980-01-05 22:00:00,0.36116,0.183437,0.058816999999999994,0.6452060000000001,0.43384700000000004
119,1980-01-05 23:00:00,0.333252,0.185117,0.077901,0.635787,0.456823
120,1980-01-06 00:00:00,0.318242,0.199545,0.091812,0.62817,0.46449399999999996
121,1980-01-06 01:00:00,0.30559400000000003,0.21319000000000002,0.105688,0.62837,0.452705
122,1980-01-06 02:00:00,0.29438000000000003,0.217265,0.123432,0.63972,0.442146
123,1980-01-06 03:00:00,0.27807,0.20553000000000002,0.11024400000000001,0.6510060000000001,0.41681999999999997
124,1980-01-06 04:00:00,0.26797,0.19300699999999998,0.083851,0.65527,0.392333
125,1980-01-06 05:00:00,0.263182,0.17967,0.06617999999999999,0.654337,0.386058
126,1980-01-06 06:00:00,0.265836,0.173095,0.050781,0.643093,0.395945
127,1980-01-06 07:00:00,0.265366,0.172286,0.049632,0.636713,0.392891
128,1980-01-06 08:00:00,0.251678,0.147392,0.061591,0.6231270000000001,0.395348
129,1980-01-06 09:00:00,0.224052,0.10355299999999999,0.039336,0.607563,0.42550299999999996
130,1980-01-06 10:00:00,0.216948,0.099452,0.031226999999999998,0.586825,0.47450699999999996
131,1980-01-06 11:00:00,0.230384,0.10029099999999999,0.033628,0.564563,0.49800500000000003
132,1980-01-06 12:00:00,0.253895,0.10583,0.032893,0.5446270000000001,0.508671
133,1980-01-06 13:00:00,0.268635,0.11192,0.032591,0.51976,0.493007
134,1980-01-06 14:00:00,0.276118,0.11529500000000001,0.032735,0.49470699999999995,0.45006499999999994
135,1980-01-06 15:00:00,0.305413,0.11336800000000001,0.03847,0.476771,0.416351
136,1980-01-06 16:00:00,0.33150300000000005,0.148831,0.062117,0.45910100000000004,0.39107800000000004
137,1980-01-06 17:00:00,0.334867,0.19433599999999998,0.106449,0.43396899999999994,0.382813
138,1980-01-06 18:00:00,0.328967,0.22392800000000002,0.152063,0.403071,0.387708
139,1980-01-06 19:00:00,0.31953899999999996,0.241887,0.186375,0.374078,0.395389
140,1980-01-06 20:00:00,0.310075,0.249363,0.20574699999999999,0.342925,0.406304
141,1980-01-06 21:00:00,0.296746,0.23943299999999998,0.211321,0.308258,0.421383
142,1980-01-06 22:00:00,0.286657,0.223675,0.20725,0.278665,0.429733
143,1980-01-06 23:00:00,0.280165,0.215308,0.189176,0.261734,0.43964
144,1980-01-07 00:00:00,0.272277,0.21043800000000001,0.175296,0.24402600000000002,0.463232
145,1980-01-07 01:00:00,0.260712,0.201371,0.157824,0.232713,0.48726
146,1980-01-07 02:00:00,0.255945,0.189203,0.138758,0.22489800000000001,0.5065470000000001
147,1980-01-07 03:00:00,0.24450100000000002,0.180195,0.12581900000000001,0.21746100000000002,0.496849
148,1980-01-07 04:00:00,0.23093200000000003,0.17092100000000002,0.10495299999999999,0.210358,0.49659200000000003
149,1980-01-07 05:00:00,0.216975,0.15892699999999998,0.093615,0.20188699999999998,0.47677600000000003
150,1980-01-07 06:00:00,0.20299,0.146374,0.098819,0.193744,0.435374
151,1980-01-07 07:00:00,0.190423,0.136933,0.106421,0.19024100000000002,0.38243
152,1980-01-07 08:00:00,0.164523,0.11045,0.098107,0.18951099999999999,0.425209
153,1980-01-07 09:00:00,0.135177,0.065334,0.090701,0.187685,0.46908599999999995
154,1980-01-07 10:00:00,0.10977100000000001,0.050241,0.098025,0.17902,0.496512
155,1980-01-07 11:00:00,0.099874,0.048526,0.10204500000000001,0.17368,0.5323359999999999
156,1980-01-07 12:00:00,0.09601900000000001,0.049979,0.100655,0.176299,0.555741
157,1980-01-07 13:00:00,0.086096,0.051262,0.0914,0.18623399999999998,0.558435
158,1980-01-07 14:00:00,0.078644,0.04847,0.07613500000000001,0.20408900000000002,0.529623
159,1980-01-07 15:00:00,0.086184,0.049205,0.06803200000000001,0.23331500000000002,0.467527
160,1980-01-07 16:00:00,0.096839,0.060163,0.086123,0.266904,0.41497
161,1980-01-07 17:00:00,0.09880499999999999,0.06504700000000001,0.11264500000000001,0.28074699999999997,0.370741
162,1980-01-07 18:00:00,0.094933,0.071311,0.11991600000000001,0.275023,0.33782
163,1980-01-07 19:00:00,0.089648,0.073251,0.128685,0.256385,0.317443
164,1980-01-07 20:00:00,0.085113,0.08029800000000001,0.13880499999999998,0.235915,0.29637600000000003
165,1980-01-07 21:00:00,0.08039099999999999,0.08465700000000001,0.149187,0.21903000000000003,0.291101
166,1980-01-07 22:00:00,0.074615,0.087387,0.153844,0.205898,0.297594
167,1980-01-07 23:00:00,0.069372,0.10033500000000001,0.151393,0.19729100000000002,0.305016
168,1980-01-08 00:00:00,0.067226,0.100075,0.139694,0.18876600000000002,0.312213
169,1980-01-08 01:00:00,0.066787,0.101708,0.120546,0.187773,0.314761
170,1980-01-08 02:00:00,0.064235,0.110399,0.113598,0.197997,0.308921
171,1980-01-08 03:00:00,0.06313099999999999,0.116724,0.106202,0.212381,0.28578600000000004
172,1980-01-08 04:00:00,0.066465,0.12319200000000001,0.102664,0.22357800000000003,0.26195100000000004
173,1980-01-08 05:00:00,0.06930800000000001,0.124583,0.100783,0.221244,0.23864000000000002
174,1980-01-08 06:00:00,0.070936,0.12578499999999998,0.09788200000000001,0.212002,0.215635
175,1980-01-08 07:00:00,0.07027,0.12779000000000001,0.09883,0.205965,0.179152
176,1980-01-08 08:00:00,0.066646,0.11922200000000001,0.085315,0.202868,0.185943
177,1980-01-08 09:00:00,0.062822,0.086675,0.058337,0.20219,0.208436
178,1980-01-08 10:00:00,0.063825,0.079417,0.039622000000000004,0.20111600000000002,0.21541999999999997
179,1980-01-08 11:00:00,0.06230700000000001,0.094441,0.031114999999999997,0.201405,0.22211
180,1980-01-08 12:00:00,0.059326,0.108779,0.027920999999999998,0.20018,0.223402
181,1980-01-08 13:00:00,0.057963,0.115131,0.024831,0.203775,0.212285
182,1980-01-08 14:00:00,0.060240999999999996,0.118494,0.023205,0.22751500000000002,0.182371
183,1980-01-08 15:00:00,0.06969600000000001,0.125315,0.028439999999999997,0.255155,0.166932
184,1980-01-08 16:00:00,0.08608400000000001,0.165176,0.041968,0.280898,0.158064
185,1980-01-08 17:00:00,0.099682,0.20666500000000002,0.065303,0.3028,0.14409
186,1980-01-08 18:00:00,0.106326,0.222257,0.08490199999999999,0.32129,0.12566300000000002
187,1980-01-08 19:00:00,0.10922,0.21385700000000002,0.099625,0.330859,0.10766300000000001
188,1980-01-08 20:00:00,0.107945,0.20274,0.112846,0.32605300000000004,0.09435299999999999
189,1980-01-08 21:00:00,0.102062,0.19938699999999998,0.112995,0.321531,0.084538
190,1980-01-08 22:00:00,0.092915,0.201061,0.11361600000000001,0.321497,0.080238
191,1980-01-08 23:00:00,0.08361299999999999,0.21086999999999997,0.130472,0.319727,0.079483
192,1980-01-09 00:00:00,0.07397100000000001,0.222425,0.15748499999999999,0.32316,0.082815
193,1980-01-09 01:00:00,0.063954,0.22343000000000002,0.185337,0.337993,0.087915
194,1980-01-09 02:00:00,0.056165999999999994,0.221429,0.199034,0.351639,0.090905
195,1980-01-09 03:00:00,0.053634,0.22510500000000003,0.146083,0.360648,0.077964
196,1980-01-09 04:00:00,0.054277,0.22860500000000003,0.091157,0.38258400000000004,0.059891999999999994
197,1980-01-09 05:00:00,0.057195,0.223004,0.053689,0.398567,0.047616000000000006
198,1980-01-09 06:00:00,0.062848,0.21725799999999998,0.031463,0.407517,0.041582
199,1980-01-09 07:00:00,0.070546,0.22202,0.020837,0.414659,0.03816
200,1980-01-09 08:00:00,0.069539,0.198186,0.018084,0.421232,0.032185000000000005
201,1980-01-09 09:00:00,0.06467200000000001,0.182248,0.021001,0.423338,0.040251
202,1980-01-09 10:00:00,0.069551,0.197455,0.03525,0.416046,0.048362999999999996
203,1980-01-09 11:00:00,0.079067,0.20979899999999999,0.058168,0.409069,0.05314
204,1980-01-09 12:00:00,0.088791,0.223757,0.096023,0.397891,0.053145000000000005
205,1980-01-09 13:00:00,0.092159,0.24511799999999997,0.153867,0.37515,0.049460000000000004
206,1980-01-09 14:00:00,0.095204,0.25933,0.211954,0.349654,0.046256
207,1980-01-09 15:00:00,0.12351,0.27350599999999997,0.25754499999999997,0.32862600000000003,0.04552
208,1980-01-09 16:00:00,0.164877,0.29262,0.313205,0.308442,0.049513999999999996
209,1980-01-09 17:00:00,0.19287,0.308994,0.388807,0.28826399999999996,0.05304400000000001
210,1980-01-09 18:00:00,0.209425,0.316083,0.429292,0.26121300000000003,0.060579999999999995
211,1980-01-09 19:00:00,0.21486,0.31233299999999997,0.43645100000000003,0.242482,0.072587
212,1980-01-09 20:00:00,0.212977,0.32358000000000003,0.441259,0.22938000000000003,0.084521
213,1980-01-09 21:00:00,0.194795,0.337273,0.426313,0.216973,0.09159500000000001
214,1980-01-09 22:00:00,0.172833,0.352057,0.412734,0.2015,0.095902
215,1980-01-09 23:00:00,0.159997,0.36907,0.397318,0.183411,0.101891
216,1980-01-10 00:00:00,0.154718,0.38694,0.39505999999999997,0.16646,0.105108
217,1980-01-10 01:00:00,0.159624,0.40099,0.39368800000000004,0.150844,0.10275999999999999
218,1980-01-10 02:00:00,0.162801,0.41871,0.398622,0.136122,0.096735
219,1980-01-10 03:00:00,0.168517,0.433654,0.42291000000000006,0.12598099999999998,0.089278
220,1980-01-10 04:00:00,0.174585,0.437911,0.422966,0.119897,0.084508
221,1980-01-10 05:00:00,0.180098,0.44281499999999996,0.42633999999999994,0.11469700000000001,0.088146
222,1980-01-10 06:00:00,0.186199,0.45728,0.419167,0.109579,0.093334
223,1980-01-10 07:00:00,0.191685,0.480835,0.39169699999999996,0.104849,0.092764
224,1980-01-10 08:00:00,0.19153900000000001,0.48116899999999996,0.3606,0.103031,0.089629
225,1980-01-10 09:00:00,0.189407,0.492943,0.327077,0.097949,0.092537
226,1980-01-10 10:00:00,0.197724,0.535767,0.486799,0.089035,0.093454
227,1980-01-10 11:00:00,0.21766,0.5700569999999999,0.611069,0.08013200000000001,0.088035
228,1980-01-10 12:00:00,0.25800300000000004,0.597355,0.644986,0.071561,0.075797
229,1980-01-10 13:00:00,0.269034,0.602114,0.6524810000000001,0.068583,0.06321399999999999
230,1980-01-10 14:00:00,0.262547,0.576048,0.638012,0.071375,0.058589999999999996
231,1980-01-10 15:00:00,0.27329499999999995,0.518868,0.5433560000000001,0.080761,0.064566
232,1980-01-10 16:00:00,0.310209,0.48938000000000004,0.489062,0.09162999999999999,0.06969500000000001
233,1980-01-10 17:00:00,0.3112,0.508383,0.51285,0.100844,0.068614
234,1980-01-10 18:00:00,0.300359,0.513039,0.469686,0.109847,0.064355
235,1980-01-10 19:00:00,0.288625,0.519347,0.43081899999999995,0.12298599999999998,0.059963
236,1980-01-10 20:00:00,0.278928,0.5199090000000001,0.40209,0.143076,0.057379
237,1980-01-10 21:00:00,0.26911,0.504316,0.393229,0.159377,0.055322
238,1980-01-10 22:00:00,0.25501999999999997,0.48182600000000003,0.38500100000000004,0.170929,0.055314
239,1980-01-10 23:00:00,0.240721,0.45733900000000005,0.37264400000000003,0.17899500000000002,0.058292
240,1980-01-11 00:00:00,0.23200900000000002,0.43371400000000004,0.363313,0.186474,0.064519
241,1980-01-11 01:00:00,0.22627199999999997,0.415934,0.340779,0.193045,0.072529
242,1980-01-11 02:00:00,0.221478,0.407884,0.315818,0.19253599999999998,0.080039
243,1980-01-11 03:00:00,0.221421,0.398812,0.285491,0.196172,0.082585
244,1980-01-11 04:00:00,0.22616799999999998,0.396462,0.25904699999999997,0.198713,0.084333
245,1980-01-11 05:00:00,0.22844499999999998,0.40328800000000004,0.261381,0.196166,0.089036
246,1980-01-11 06:00:00,0.23037,0.40378200000000003,0.262947,0.19444,0.09473200000000001
247,1980-01-11 07:00:00,0.22865700000000003,0.40621599999999997,0.261131,0.194607,0.100078
248,1980-01-11 08:00:00,0.21797199999999997,0.398807,0.24067199999999997,0.196893,0.102951
249,1980-01-11 09:00:00,0.23921599999999998,0.445295,0.19399999999999998,0.19625399999999998,0.11517100000000001
250,1980-01-11 10:00:00,0.25298899999999996,0.506885,0.22393200000000002,0.183847,0.128081
251,1980-01-11 11:00:00,0.261523,0.520718,0.19601300000000002,0.161741,0.139154
252,1980-01-11 12:00:00,0.274814,0.527139,0.12909,0.135694,0.156271
253,1980-01-11 13:00:00,0.289605,0.53457,0.112321,0.11685699999999999,0.1704
254,1980-01-11 14:00:00,0.29601500000000003,0.533666,0.139574,0.10789100000000001,0.185481
255,1980-01-11 15:00:00,0.27516199999999996,0.519745,0.190242,0.11371700000000001,0.20264200000000002
256,1980-01-11 16:00:00,0.276991,0.49277,0.285011,0.116448,0.219473
257,1980-01-11 17:00:00,0.289244,0.5072,0.41691000000000006,0.11250299999999999,0.23494400000000001
258,1980-01-11 18:00:00,0.28854,0.5331279999999999,0.49756000000000006,0.10639100000000001,0.251102
259,1980-01-11 19:00:00,0.278979,0.535801,0.5447069999999999,0.097265,0.26464899999999997
260,1980-01-11 20:00:00,0.265361,0.53088,0.515063,0.087752,0.274231
261,1980-01-11 21:00:00,0.258444,0.508771,0.484325,0.0786,0.27703099999999997
262,1980-01-11 22:00:00,0.25904499999999997,0.482785,0.44401999999999997,0.069493,0.281458
263,1980-01-11 23:00:00,0.25955,0.470509,0.423608,0.061694000000000006,0.28963
264,1980-01-12 00:00:00,0.265306,0.47005,0.42032600000000003,0.06311,0.302647
265,1980-01-12 01:00:00,0.27616599999999997,0.471017,0.433252,0.06692999999999999,0.312424
266,1980-01-12 02:00:00,0.28881599999999996,0.478815,0.47549399999999997,0.07278899999999999,0.316552
267,1980-01-12 03:00:00,0.29735100000000003,0.49106400000000006,0.532377,0.079161,0.319348
268,1980-01-12 04:00:00,0.30530799999999997,0.49533,0.5884010000000001,0.086811,0.316379
269,1980-01-12 05:00:00,0.307857,0.499909,0.642922,0.090544,0.313896
270,1980-01-12 06:00:00,0.302979,0.506683,0.691367,0.092133,0.317684
271,1980-01-12 07:00:00,0.296471,0.5175609999999999,0.728769,0.09328600000000001,0.316286
272,1980-01-12 08:00:00,0.284747,0.532492,0.730962,0.098,0.328036
273,1980-01-12 09:00:00,0.317772,0.582926,0.8318,0.099738,0.339479
274,1980-01-12 10:00:00,0.331622,0.602677,0.8661139999999999,0.10344,0.35033800000000004
275,1980-01-12 11:00:00,0.34879699999999997,0.5944159999999999,0.855136,0.106402,0.355452
276,1980-01-12 12:00:00,0.37769899999999995,0.589856,0.842325,0.111876,0.35089000000000004
277,1980-01-12 13:00:00,0.409858,0.587878,0.838616,0.11611700000000001,0.322264
278,1980-01-12 14:00:00,0.415351,0.5902270000000001,0.8401370000000001,0.13683599999999999,0.29593
279,1980-01-12 15:00:00,0.404314,0.568036,0.8271219999999999,0.164461,0.288806
280,1980-01-12 16:00:00,0.41532399999999997,0.524301,0.798918,0.191193,0.278174
281,1980-01-12 17:00:00,0.411971,0.512814,0.804056,0.209671,0.268498
282,1980-01-12 18:00:00,0.3993,0.521558,0.8100609999999999,0.22540300000000002,0.266847
283,1980-01-12 19:00:00,0.377963,0.515825,0.811919,0.238244,0.269335
284,1980-01-12 20:00:00,0.351406,0.501889,0.801082,0.246574,0.269322
285,1980-01-12 21:00:00,0.321849,0.47761899999999996,0.770646,0.249915,0.264662
286,1980-01-12 22:00:00,0.293405,0.449962,0.718173,0.251198,0.25584
287,1980-01-12 23:00:00,0.265212,0.427026,0.640181,0.256567,0.24081799999999998
288,1980-01-13 00:00:00,0.243567,0.39858899999999997,0.5793119999999999,0.263874,0.22385500000000003
289,1980-01-13 01:00:00,0.223755,0.37006700000000003,0.511372,0.26832399999999995,0.206182
290,1980-01-13 02:00:00,0.207181,0.341881,0.47613,0.269733,0.189726
291,1980-01-13 03:00:00,0.195649,0.326194,0.458266,0.27400399999999997,0.18174500000000002
292,1980-01-13 04:00:00,0.183471,0.31414699999999995,0.440463,0.285191,0.17411300000000002
293,1980-01-13 05:00:00,0.16714,0.314393,0.431526,0.287068,0.163429
294,1980-01-13 06:00:00,0.150014,0.315538,0.408351,0.282152,0.15298399999999998
295,1980-01-13 07:00:00,0.135831,0.322637,0.368268,0.28326,0.146103
296,1980-01-13 08:00:00,0.11707200000000001,0.32165,0.290473,0.28118899999999997,0.152092
297,1980-01-13 09:00:00,0.097731,0.344315,0.296548,0.268726,0.169683
298,1980-01-13 10:00:00,0.081789,0.379302,0.446355,0.24809699999999998,0.183057
299,1980-01-13 11:00:00,0.063765,0.4003,0.46103599999999995,0.237573,0.18026099999999998
300,1980-01-13 12:00:00,0.051864,0.397766,0.46598999999999996,0.228854,0.17219600000000002
301,1980-01-13 13:00:00,0.046478,0.396627,0.49378299999999997,0.224059,0.164656
302,1980-01-13 14:00:00,0.044488,0.39253000000000005,0.519514,0.209377,0.157615
303,1980-01-13 15:00:00,0.048060000000000005,0.40102600000000005,0.510667,0.198987,0.166421
304,1980-01-13 16:00:00,0.058673,0.42582200000000003,0.484862,0.1942,0.186581
305,1980-01-13 17:00:00,0.063264,0.470604,0.515649,0.189633,0.196124
306,1980-01-13 18:00:00,0.060149,0.495986,0.525887,0.18675799999999998,0.200881
307,1980-01-13 19:00:00,0.052677999999999996,0.49584300000000003,0.511728,0.184747,0.199296
308,1980-01-13 20:00:00,0.045536,0.49898100000000006,0.500311,0.185147,0.187187
309,1980-01-13 21:00:00,0.040286,0.497305,0.465693,0.192627,0.170653
310,1980-01-13 22:00:00,0.035973000000000005,0.49258,0.45237700000000003,0.200683,0.154161
311,1980-01-13 23:00:00,0.032316000000000004,0.49090100000000003,0.42138000000000003,0.20872800000000002,0.138986
312,1980-01-14 00:00:00,0.0292,0.487299,0.44246199999999997,0.215777,0.131919
313,1980-01-14 01:00:00,0.026256,0.47894799999999993,0.515525,0.22197199999999997,0.134774
314,1980-01-14 02:00:00,0.024982,0.471455,0.566842,0.22906999999999997,0.14941300000000002
315,1980-01-14 03:00:00,0.025519,0.465718,0.668702,0.23650500000000002,0.17532999999999999
316,1980-01-14 04:00:00,0.026867000000000002,0.472554,0.687308,0.23970300000000003,0.20471
317,1980-01-14 05:00:00,0.028536000000000002,0.465391,0.698681,0.239796,0.232175
318,1980-01-14 06:00:00,0.030306,0.454667,0.7148909999999999,0.2384,0.262166
319,1980-01-14 07:00:00,0.033023000000000004,0.44489799999999996,0.692033,0.244236,0.28268499999999996
320,1980-01-14 08:00:00,0.033578,0.431579,0.6696810000000001,0.25603400000000004,0.32408400000000004
321,1980-01-14 09:00:00,0.03265,0.42303500000000005,0.605376,0.259154,0.348601
322,1980-01-14 10:00:00,0.037061000000000004,0.428307,0.589704,0.25761999999999996,0.366197
323,1980-01-14 11:00:00,0.046283,0.42549799999999993,0.594987,0.266293,0.400766
324,1980-01-14 12:00:00,0.05707,0.416441,0.528033,0.294177,0.427062
325,1980-01-14 13:00:00,0.067829,0.410505,0.45395399999999997,0.33650599999999997,0.447725
326,1980-01-14 14:00:00,0.073378,0.401949,0.39317399999999997,0.367898,0.463001
327,1980-01-14 15:00:00,0.077976,0.398647,0.343548,0.385752,0.490634
328,1980-01-14 16:00:00,0.091802,0.406561,0.385262,0.392231,0.520884
329,1980-01-14 17:00:00,0.100337,0.41559300000000005,0.43925299999999995,0.378729,0.552493
330,1980-01-14 18:00:00,0.10254400000000001,0.389259,0.456981,0.372162,0.566973
331,1980-01-14 19:00:00,0.101392,0.367977,0.450847,0.375992,0.578808
332,1980-01-14 20:00:00,0.101241,0.347211,0.43252299999999994,0.383842,0.595869
333,1980-01-14 21:00:00,0.097136,0.32524699999999995,0.39876,0.38605500000000004,0.6114539999999999
334,1980-01-14 22:00:00,0.090677,0.308741,0.360072,0.38648699999999997,0.635551
335,1980-01-14 23:00:00,0.08262699999999999,0.296437,0.32759,0.376266,0.653584
336,1980-01-15 00:00:00,0.071711,0.287285,0.28925,0.374339,0.6641699999999999
337,1980-01-15 01:00:00,0.063502,0.281979,0.251029,0.372675,0.685898
338,1980-01-15 02:00:00,0.061299,0.27320500000000003,0.215194,0.377879,0.691312
339,1980-01-15 03:00:00,0.064273,0.260625,0.177596,0.37014400000000003,0.681982
340,1980-01-15 04:00:00,0.070037,0.249678,0.13633800000000001,0.372555,0.673899
341,1980-01-15 05:00:00,0.078066,0.242391,0.10539100000000001,0.376093,0.669663
342,1980-01-15 06:00:00,0.086897,0.23566700000000002,0.080196,0.376724,0.661671
343,1980-01-15 07:00:00,0.093942,0.234869,0.062224,0.376459,0.647861
344,1980-01-15 08:00:00,0.093485,0.222991,0.049053,0.357643,0.648981
345,1980-01-15 09:00:00,0.103077,0.22109299999999998,0.021,0.33157600000000004,0.6826939999999999
346,1980-01-15 10:00:00,0.12722999999999998,0.21397600000000003,0.008596,0.301189,0.705136
347,1980-01-15 11:00:00,0.154979,0.207458,0.021144,0.286041,0.7034020000000001
348,1980-01-15 12:00:00,0.19074100000000002,0.207875,0.040371,0.292252,0.681975
349,1980-01-15 13:00:00,0.22665300000000002,0.21330900000000003,0.057870000000000005,0.308911,0.65358
350,1980-01-15 14:00:00,0.24370799999999998,0.21715399999999999,0.059957,0.32289,0.617577
351,1980-01-15 15:00:00,0.247498,0.215783,0.063371,0.342806,0.5781970000000001
352,1980-01-15 16:00:00,0.307782,0.248875,0.081926,0.351719,0.54756
353,1980-01-15 17:00:00,0.33153499999999997,0.281088,0.11514400000000001,0.34566199999999997,0.530786
354,1980-01-15 18:00:00,0.332809,0.29237199999999997,0.186874,0.322455,0.504711
355,1980-01-15 19:00:00,0.324281,0.30454499999999995,0.29793800000000004,0.300975,0.482059
356,1980-01-15 20:00:00,0.30304000000000003,0.31858400000000003,0.39831500000000003,0.287354,0.46504399999999996
357,1980-01-15 21:00:00,0.276915,0.323918,0.443142,0.28482399999999997,0.43841499999999994
358,1980-01-15 22:00:00,0.264583,0.319716,0.47898999999999997,0.28369099999999997,0.40733800000000003
359,1980-01-15 23:00:00,0.260992,0.31845500000000004,0.48945600000000006,0.276972,0.386074
360,1980-01-16 00:00:00,0.272949,0.319786,0.5218729999999999,0.257982,0.366454
361,1980-01-16 01:00:00,0.2866,0.32107399999999997,0.572592,0.241458,0.358425
362,1980-01-16 02:00:00,0.284114,0.32319699999999996,0.638319,0.22559200000000001,0.363528
363,1980-01-16 03:00:00,0.283508,0.32724000000000003,0.702973,0.21293800000000002,0.353723
364,1980-01-16 04:00:00,0.295306,0.331365,0.7417600000000001,0.206161,0.327577
365,1980-01-16 05:00:00,0.308664,0.336966,0.7716,0.196159,0.31749
366,1980-01-16 06:00:00,0.3193,0.336448,0.760166,0.18551199999999998,0.327623
367,1980-01-16 07:00:00,0.32684,0.340071,0.735463,0.176222,0.332404
368,1980-01-16 08:00:00,0.332813,0.309496,0.686049,0.16927899999999999,0.372137
369,1980-01-16 09:00:00,0.38043899999999997,0.28928200000000004,0.6808960000000001,0.159406,0.412416
370,1980-01-16 10:00:00,0.442935,0.319696,0.654284,0.144058,0.425629
371,1980-01-16 11:00:00,0.469146,0.345066,0.6195729999999999,0.126555,0.41572200000000004
372,1980-01-16 12:00:00,0.48603,0.347148,0.579277,0.115945,0.393845
373,1980-01-16 13:00:00,0.501558,0.339623,0.515991,0.113873,0.346544
374,1980-01-16 14:00:00,0.49639700000000003,0.328574,0.427726,0.12196400000000002,0.286848
375,1980-01-16 15:00:00,0.47208,0.300476,0.370476,0.14064300000000002,0.24066500000000002
376,1980-01-16 16:00:00,0.46851099999999996,0.308327,0.35917,0.159478,0.228421
377,1980-01-16 17:00:00,0.45048599999999994,0.339022,0.37859699999999996,0.171343,0.22782600000000003
378,1980-01-16 18:00:00,0.428518,0.33570300000000003,0.404073,0.176724,0.23233
379,1980-01-16 19:00:00,0.402163,0.325262,0.41736899999999993,0.17835399999999998,0.236589
380,1980-01-16 20:00:00,0.372619,0.308271,0.43365200000000004,0.176627,0.243296
381,1980-01-16 21:00:00,0.338973,0.29208,0.418833,0.167976,0.255696
382,1980-01-16 22:00:00,0.303292,0.285304,0.375785,0.153665,0.256708
383,1980-01-16 23:00:00,0.283012,0.282511,0.328208,0.14282999999999998,0.263314
384,1980-01-17 00:00:00,0.27508,0.288798,0.299109,0.134864,0.25666700000000003
385,1980-01-17 01:00:00,0.265386,0.303975,0.27202600000000005,0.128717,0.237779
386,1980-01-17 02:00:00,0.255244,0.311996,0.24978699999999998,0.125198,0.22109099999999998
387,1980-01-17 03:00:00,0.24489299999999997,0.313673,0.22461599999999998,0.127957,0.203707
388,1980-01-17 04:00:00,0.23487399999999997,0.318615,0.21276799999999998,0.13509300000000002,0.184112
389,1980-01-17 05:00:00,0.229331,0.305577,0.212851,0.145042,0.16461800000000001
390,1980-01-17 06:00:00,0.22366799999999998,0.28419,0.206159,0.156565,0.14827100000000001
391,1980-01-17 07:00:00,0.21624000000000002,0.264585,0.18719,0.166388,0.12098900000000001
392,1980-01-17 08:00:00,0.197042,0.242067,0.15671600000000002,0.172292,0.096282
393,1980-01-17 09:00:00,0.189081,0.244635,0.11953,0.168751,0.087795
394,1980-01-17 10:00:00,0.201229,0.259227,0.130743,0.156356,0.089115
395,1980-01-17 11:00:00,0.198246,0.25451399999999996,0.118425,0.144725,0.095013
396,1980-01-17 12:00:00,0.182694,0.25566500000000003,0.092628,0.136026,0.099775
397,1980-01-17 13:00:00,0.167766,0.264516,0.082557,0.133839,0.101216
398,1980-01-17 14:00:00,0.15551900000000002,0.268,0.090032,0.13938699999999998,0.09881000000000001
399,1980-01-17 15:00:00,0.151679,0.253368,0.08794600000000001,0.14966300000000002,0.09904600000000001
400,1980-01-17 16:00:00,0.19056800000000002,0.254021,0.091923,0.15746400000000002,0.10686199999999998
401,1980-01-17 17:00:00,0.22417600000000001,0.283011,0.109074,0.162982,0.11396700000000001
402,1980-01-17 18:00:00,0.22921999999999998,0.289403,0.116424,0.166217,0.119736
403,1980-01-17 19:00:00,0.217441,0.28436,0.11866199999999999,0.166899,0.125211
404,1980-01-17 20:00:00,0.198675,0.269075,0.123135,0.165642,0.127032
405,1980-01-17 21:00:00,0.177398,0.23868000000000003,0.123893,0.16303,0.126584
406,1980-01-17 22:00:00,0.150698,0.212218,0.121705,0.162329,0.125633
407,1980-01-17 23:00:00,0.12371800000000001,0.194511,0.12491400000000001,0.164596,0.12643800000000002
408,1980-01-18 00:00:00,0.101492,0.1836,0.139879,0.168826,0.128237
409,1980-01-18 01:00:00,0.08611100000000001,0.177129,0.156917,0.18235,0.137274
410,1980-01-18 02:00:00,0.075919,0.17696099999999998,0.166527,0.19714500000000001,0.147814
411,1980-01-18 03:00:00,0.066473,0.185953,0.17410599999999998,0.221277,0.158375
412,1980-01-18 04:00:00,0.060580999999999996,0.192677,0.183238,0.231573,0.16564
413,1980-01-18 05:00:00,0.057649,0.19536199999999998,0.187462,0.23572800000000002,0.166266
414,1980-01-18 06:00:00,0.05512,0.198507,0.19100799999999998,0.24650300000000003,0.161616
415,1980-01-18 07:00:00,0.05185599999999999,0.201712,0.182124,0.25556799999999996,0.149876
416,1980-01-18 08:00:00,0.045885,0.170369,0.15351199999999998,0.261785,0.133509
417,1980-01-18 09:00:00,0.03984,0.170505,0.098218,0.260243,0.134661
418,1980-01-18 10:00:00,0.039939999999999996,0.197438,0.126754,0.247381,0.14068699999999998
419,1980-01-18 11:00:00,0.039292,0.214846,0.185055,0.246777,0.13628099999999999
420,1980-01-18 12:00:00,0.038254,0.23299299999999998,0.226448,0.24278000000000002,0.130109
421,1980-01-18 13:00:00,0.037333,0.252554,0.266081,0.227054,0.133024
422,1980-01-18 14:00:00,0.038117000000000005,0.26913200000000004,0.26656399999999997,0.20672600000000002,0.14333800000000002
423,1980-01-18 15:00:00,0.039405,0.267898,0.20295,0.199151,0.158425
424,1980-01-18 16:00:00,0.047642000000000004,0.275957,0.183857,0.206269,0.17132
425,1980-01-18 17:00:00,0.062802,0.31458,0.18528699999999998,0.216552,0.182199
426,1980-01-18 18:00:00,0.080852,0.33675700000000003,0.163689,0.23365999999999998,0.192642
427,1980-01-18 19:00:00,0.096072,0.345675,0.14485,0.252205,0.19842100000000001
428,1980-01-18 20:00:00,0.10859400000000001,0.341357,0.150943,0.267235,0.198686
429,1980-01-18 21:00:00,0.121718,0.319054,0.154263,0.277335,0.193272
430,1980-01-18 22:00:00,0.137477,0.301061,0.153727,0.27971399999999996,0.180291
431,1980-01-18 23:00:00,0.150347,0.297561,0.160927,0.278388,0.173371
432,1980-01-19 00:00:00,0.152867,0.29576199999999997,0.135969,0.2706,0.174703
433,1980-01-19 01:00:00,0.14445999999999998,0.300935,0.13184200000000001,0.268282,0.181302
434,1980-01-19 02:00:00,0.135285,0.312661,0.146062,0.277624,0.190946
435,1980-01-19 03:00:00,0.129705,0.320432,0.180073,0.299654,0.188248
436,1980-01-19 04:00:00,0.133155,0.31058,0.244617,0.322414,0.185103
437,1980-01-19 05:00:00,0.14385799999999999,0.30793400000000004,0.318259,0.339801,0.18278
438,1980-01-19 06:00:00,0.156324,0.32815700000000003,0.32267199999999996,0.35993600000000003,0.179045
439,1980-01-19 07:00:00,0.170283,0.335503,0.348215,0.385785,0.177938
440,1980-01-19 08:00:00,0.17143,0.328984,0.346004,0.40510799999999997,0.177513
441,1980-01-19 09:00:00,0.163786,0.367485,0.29031799999999996,0.42184099999999997,0.19609000000000001
442,1980-01-19 10:00:00,0.17513199999999998,0.415905,0.23591900000000002,0.42031599999999997,0.21052300000000002
443,1980-01-19 11:00:00,0.197163,0.43403400000000003,0.22749499999999998,0.42385600000000007,0.20968699999999998
444,1980-01-19 12:00:00,0.212903,0.439537,0.28878400000000004,0.423976,0.197027
445,1980-01-19 13:00:00,0.223005,0.43076899999999996,0.29682600000000003,0.42146000000000006,0.18175999999999998
446,1980-01-19 14:00:00,0.2275,0.39736,0.278781,0.43476800000000004,0.163164
447,1980-01-19 15:00:00,0.26526,0.343987,0.235737,0.45190699999999995,0.149503
448,1980-01-19 16:00:00,0.304978,0.333214,0.223525,0.47560399999999997,0.147832
449,1980-01-19 17:00:00,0.310214,0.355742,0.259875,0.48830200000000007,0.141147
450,1980-01-19 18:00:00,0.29694499999999996,0.367051,0.242457,0.49439399999999994,0.134907
451,1980-01-19 19:00:00,0.28763299999999997,0.373587,0.21723800000000001,0.494674,0.135527
452,1980-01-19 20:00:00,0.27677399999999996,0.372319,0.214363,0.5019680000000001,0.141242
453,1980-01-19 21:00:00,0.268919,0.367082,0.21559899999999999,0.512945,0.150263
454,1980-01-19 22:00:00,0.262135,0.375415,0.222189,0.514885,0.167435
455,1980-01-19 23:00:00,0.255637,0.398701,0.215873,0.508323,0.185309
456,1980-01-20 00:00:00,0.24857800000000002,0.406667,0.21705500000000003,0.49292299999999994,0.186359
457,1980-01-20 01:00:00,0.23224,0.419771,0.29180500000000004,0.468397,0.180779
458,1980-01-20 02:00:00,0.216952,0.423921,0.28551,0.44218500000000005,0.18299
459,1980-01-20 03:00:00,0.21114899999999998,0.441672,0.335482,0.40653,0.17813199999999998
460,1980-01-20 04:00:00,0.207141,0.447151,0.37462399999999996,0.368033,0.171433
461,1980-01-20 05:00:00,0.19785999999999998,0.433179,0.37653400000000004,0.348064,0.170072
462,1980-01-20 06:00:00,0.196011,0.423034,0.35494899999999996,0.34062,0.17111500000000002
463,1980-01-20 07:00:00,0.201216,0.419904,0.341869,0.330316,0.16109500000000002
464,1980-01-20 08:00:00,0.194667,0.391911,0.321924,0.307685,0.166321
465,1980-01-20 09:00:00,0.173841,0.407556,0.27920100000000003,0.29046,0.189499
466,1980-01-20 10:00:00,0.160191,0.44393299999999997,0.249933,0.28872600000000004,0.210471
467,1980-01-20 11:00:00,0.16139900000000001,0.457872,0.343197,0.294675,0.222279
468,1980-01-20 12:00:00,0.16422899999999999,0.47110799999999997,0.433571,0.29799899999999996,0.220317
469,1980-01-20 13:00:00,0.159712,0.47763100000000003,0.46082399999999996,0.283663,0.20311500000000002
470,1980-01-20 14:00:00,0.169486,0.45964700000000003,0.444945,0.272959,0.178122
471,1980-01-20 15:00:00,0.193249,0.44286400000000004,0.367185,0.27829699999999996,0.166588
472,1980-01-20 16:00:00,0.20654299999999998,0.421972,0.250311,0.28322600000000003,0.167024
473,1980-01-20 17:00:00,0.203786,0.420591,0.248531,0.290572,0.165682
474,1980-01-20 18:00:00,0.196537,0.420095,0.20585100000000003,0.305137,0.170869
475,1980-01-20 19:00:00,0.19933900000000002,0.42930100000000004,0.19892,0.326549,0.182549
476,1980-01-20 20:00:00,0.20796900000000001,0.433972,0.21918,0.354572,0.186638
477,1980-01-20 21:00:00,0.21157399999999998,0.45204099999999997,0.26611,0.382227,0.194416
478,1980-01-20 22:00:00,0.210556,0.46854399999999996,0.30685500000000004,0.39858000000000005,0.200047
479,1980-01-20 23:00:00,0.22665500000000002,0.48807399999999995,0.349022,0.428766,0.195477
480,1980-01-21 00:00:00,0.253465,0.503229,0.356669,0.472731,0.185586
481,1980-01-21 01:00:00,0.290448,0.511829,0.41857700000000003,0.52573,0.17272200000000001
482,1980-01-21 02:00:00,0.34183,0.52554,0.451797,0.583443,0.15723
483,1980-01-21 03:00:00,0.40326599999999996,0.526227,0.468495,0.649027,0.14047
484,1980-01-21 04:00:00,0.46642700000000004,0.5160859999999999,0.47665,0.712835,0.128447
485,1980-01-21 05:00:00,0.5326810000000001,0.517253,0.495371,0.76223,0.119674
486,1980-01-21 06:00:00,0.597283,0.51578,0.492637,0.799461,0.11043399999999999
487,1980-01-21 07:00:00,0.6572060000000001,0.514515,0.490954,0.8298610000000001,0.096557
488,1980-01-21 08:00:00,0.701051,0.507328,0.46990699999999996,0.845197,0.089572
489,1980-01-21 09:00:00,0.740284,0.534508,0.451383,0.836467,0.090005
490,1980-01-21 10:00:00,0.7646609999999999,0.563629,0.487134,0.8233590000000001,0.098996
491,1980-01-21 11:00:00,0.78146,0.5845,0.586637,0.806413,0.109883
492,1980-01-21 12:00:00,0.785076,0.597123,0.6203,0.796566,0.114401
493,1980-01-21 13:00:00,0.772231,0.606032,0.593003,0.796458,0.110746
494,1980-01-21 14:00:00,0.7661600000000001,0.606849,0.557521,0.7773140000000001,0.10241700000000001
495,1980-01-21 15:00:00,0.771621,0.5927859999999999,0.523038,0.737853,0.098814
496,1980-01-21 16:00:00,0.7790630000000001,0.582041,0.514339,0.688355,0.098467
497,1980-01-21 17:00:00,0.774971,0.591754,0.55004,0.6363949999999999,0.090196
498,1980-01-21 18:00:00,0.77273,0.584879,0.526145,0.605874,0.082363
499,1980-01-21 19:00:00,0.77693,0.580267,0.523879,0.5920979999999999,0.08076
500,1980-01-21 20:00:00,0.772029,0.580843,0.540466,0.568232,0.087741
501,1980-01-21 21:00:00,0.762604,0.570259,0.518915,0.558954,0.089851
502,1980-01-21 22:00:00,0.759,0.5496409999999999,0.460604,0.556087,0.087974
503,1980-01-21 23:00:00,0.751238,0.533904,0.43013,0.557775,0.088926
504,1980-01-22 00:00:00,0.733337,0.522425,0.41435500000000003,0.556558,0.089121
505,1980-01-22 01:00:00,0.711719,0.511768,0.416066,0.556602,0.08868999999999999
506,1980-01-22 02:00:00,0.698764,0.498889,0.435044,0.552944,0.085141
507,1980-01-22 03:00:00,0.6887409999999999,0.49733599999999994,0.48199200000000003,0.544505,0.081949
508,1980-01-22 04:00:00,0.681732,0.500606,0.537447,0.53791,0.079623
509,1980-01-22 05:00:00,0.6741739999999999,0.49578500000000003,0.53446,0.530954,0.078412
510,1980-01-22 06:00:00,0.660176,0.492514,0.538027,0.5267189999999999,0.077399
511,1980-01-22 07:00:00,0.630671,0.500033,0.54675,0.51793,0.06805
512,1980-01-22 08:00:00,0.608104,0.498515,0.546983,0.507575,0.067867
513,1980-01-22 09:00:00,0.577109,0.5225029999999999,0.5385220000000001,0.5041640000000001,0.078539
514,1980-01-22 10:00:00,0.57202,0.5427529999999999,0.544043,0.500999,0.096538
515,1980-01-22 11:00:00,0.587106,0.556901,0.587449,0.5076579999999999,0.118867
516,1980-01-22 12:00:00,0.583928,0.571542,0.625328,0.5129640000000001,0.139085
517,1980-01-22 13:00:00,0.548643,0.570191,0.674819,0.513373,0.15306
518,1980-01-22 14:00:00,0.510545,0.557575,0.6016279999999999,0.511205,0.148949
519,1980-01-22 15:00:00,0.511892,0.527593,0.5839810000000001,0.502214,0.138023
520,1980-01-22 16:00:00,0.504862,0.49702299999999994,0.597263,0.48864300000000005,0.15178599999999998
521,1980-01-22 17:00:00,0.49376400000000004,0.486179,0.603089,0.472563,0.163487
522,1980-01-22 18:00:00,0.48255,0.48228000000000004,0.5666899999999999,0.46124799999999994,0.1752
523,1980-01-22 19:00:00,0.46961899999999995,0.478026,0.514903,0.45264,0.189563
524,1980-01-22 20:00:00,0.464563,0.470955,0.467822,0.43788999999999995,0.20564200000000002
525,1980-01-22 21:00:00,0.46364700000000003,0.45473,0.44339799999999996,0.424497,0.23081300000000002
526,1980-01-22 22:00:00,0.470149,0.435849,0.43775,0.41229499999999997,0.25749099999999997
527,1980-01-22 23:00:00,0.477609,0.412049,0.44659799999999994,0.40505399999999997,0.272652
528,1980-01-23 00:00:00,0.49379700000000004,0.394137,0.468862,0.400973,0.289043
529,1980-01-23 01:00:00,0.501674,0.368365,0.539532,0.39728600000000003,0.30452199999999996
530,1980-01-23 02:00:00,0.498058,0.369584,0.5878439999999999,0.39521,0.32474899999999995
531,1980-01-23 03:00:00,0.49683299999999997,0.398685,0.617632,0.39719499999999996,0.36383499999999996
532,1980-01-23 04:00:00,0.482309,0.419767,0.645744,0.389876,0.403594
533,1980-01-23 05:00:00,0.471467,0.459179,0.643505,0.378295,0.43224399999999996
534,1980-01-23 06:00:00,0.46947,0.503301,0.603797,0.36592399999999997,0.43771400000000005
535,1980-01-23 07:00:00,0.474155,0.5307350000000001,0.5984970000000001,0.353599,0.416904
536,1980-01-23 08:00:00,0.459067,0.5232979999999999,0.62878,0.34062600000000004,0.44901499999999994
537,1980-01-23 09:00:00,0.422217,0.553176,0.643641,0.327922,0.5102939999999999
538,1980-01-23 10:00:00,0.432924,0.597526,0.72893,0.324156,0.5317689999999999
539,1980-01-23 11:00:00,0.46474399999999993,0.61943,0.780891,0.330962,0.542072
540,1980-01-23 12:00:00,0.46512299999999995,0.634608,0.838454,0.333032,0.549084
541,1980-01-23 13:00:00,0.435547,0.644405,0.874446,0.336122,0.540449
542,1980-01-23 14:00:00,0.39555,0.644096,0.898014,0.332965,0.485468
543,1980-01-23 15:00:00,0.360725,0.6257550000000001,0.91153,0.328812,0.46085
544,1980-01-23 16:00:00,0.33009099999999997,0.6227590000000001,0.912316,0.326074,0.440717
545,1980-01-23 17:00:00,0.309201,0.644777,0.9082110000000001,0.312207,0.396963
546,1980-01-23 18:00:00,0.292837,0.648605,0.847914,0.300788,0.357486
547,1980-01-23 19:00:00,0.264546,0.653291,0.7658020000000001,0.286181,0.348693
548,1980-01-23 20:00:00,0.23832399999999998,0.659302,0.690551,0.270746,0.347481
549,1980-01-23 21:00:00,0.213941,0.658008,0.6092770000000001,0.254614,0.333017
550,1980-01-23 22:00:00,0.195124,0.652857,0.572728,0.239668,0.316952
551,1980-01-23 23:00:00,0.192838,0.657188,0.53109,0.232386,0.30109600000000003
552,1980-01-24 00:00:00,0.189171,0.654586,0.477789,0.22508699999999998,0.292848
553,1980-01-24 01:00:00,0.186313,0.629722,0.449118,0.215152,0.31538499999999997
554,1980-01-24 02:00:00,0.18991,0.600755,0.420836,0.212639,0.33681500000000003
555,1980-01-24 03:00:00,0.186779,0.579421,0.415483,0.207769,0.35189699999999996
556,1980-01-24 04:00:00,0.17538299999999998,0.555895,0.421285,0.199745,0.355432
557,1980-01-24 05:00:00,0.16375599999999998,0.528726,0.43558199999999997,0.194851,0.360567
558,1980-01-24 06:00:00,0.15046400000000001,0.48890600000000006,0.451355,0.19172,0.372573
559,1980-01-24 07:00:00,0.14021199999999998,0.44594300000000003,0.47181000000000006,0.188202,0.375271
560,1980-01-24 08:00:00,0.127246,0.37346999999999997,0.47099300000000005,0.187754,0.427288
561,1980-01-24 09:00:00,0.103305,0.331069,0.44943599999999995,0.190184,0.471517
562,1980-01-24 10:00:00,0.085602,0.38972399999999996,0.475293,0.197015,0.501055
563,1980-01-24 11:00:00,0.082399,0.441825,0.46452200000000005,0.206405,0.51803
564,1980-01-24 12:00:00,0.082822,0.48882299999999995,0.524695,0.215408,0.523911
565,1980-01-24 13:00:00,0.078659,0.507638,0.517551,0.216437,0.504
566,1980-01-24 14:00:00,0.071517,0.485838,0.443637,0.20968299999999998,0.45418100000000006
567,1980-01-24 15:00:00,0.074575,0.443324,0.345842,0.202574,0.441536
568,1980-01-24 16:00:00,0.07773,0.420353,0.28168699999999997,0.204759,0.442091
569,1980-01-24 17:00:00,0.08354,0.414513,0.298838,0.205502,0.436831
570,1980-01-24 18:00:00,0.093953,0.40839200000000003,0.32506799999999997,0.206317,0.44020600000000004
571,1980-01-24 19:00:00,0.09057799999999999,0.400017,0.315849,0.206206,0.458654
572,1980-01-24 20:00:00,0.09138099999999999,0.384116,0.30698800000000004,0.206094,0.464199
573,1980-01-24 21:00:00,0.094904,0.35620799999999997,0.30145900000000003,0.20330499999999999,0.452117
574,1980-01-24 22:00:00,0.09324500000000001,0.321531,0.28883000000000003,0.19706300000000002,0.446612
575,1980-01-24 23:00:00,0.08705700000000001,0.290775,0.323854,0.192314,0.446809
576,1980-01-25 00:00:00,0.082577,0.274301,0.332548,0.18831199999999998,0.449137
577,1980-01-25 01:00:00,0.081109,0.256583,0.351101,0.189022,0.453984
578,1980-01-25 02:00:00,0.089264,0.244929,0.374132,0.186281,0.454007
579,1980-01-25 03:00:00,0.102062,0.243549,0.390004,0.178449,0.444538
580,1980-01-25 04:00:00,0.109401,0.248573,0.41352700000000003,0.17227699999999999,0.43971099999999996
581,1980-01-25 05:00:00,0.109199,0.251594,0.42906099999999997,0.169981,0.44
582,1980-01-25 06:00:00,0.107904,0.24887800000000002,0.44586899999999996,0.174854,0.434985
583,1980-01-25 07:00:00,0.108921,0.243398,0.44426499999999997,0.175542,0.406011
584,1980-01-25 08:00:00,0.095412,0.213443,0.44339300000000004,0.17030499999999998,0.42172200000000004
585,1980-01-25 09:00:00,0.074327,0.16962,0.44223100000000004,0.155832,0.483595
586,1980-01-25 10:00:00,0.07149,0.155534,0.43631099999999995,0.134164,0.537859
587,1980-01-25 11:00:00,0.08684700000000001,0.159634,0.45988500000000004,0.11639000000000001,0.569355
588,1980-01-25 12:00:00,0.10093400000000001,0.159144,0.43262399999999995,0.107735,0.5725140000000001
589,1980-01-25 13:00:00,0.103496,0.151599,0.375284,0.103851,0.5471659999999999
590,1980-01-25 14:00:00,0.09792999999999999,0.13526,0.336244,0.101732,0.47566400000000003
591,1980-01-25 15:00:00,0.113527,0.12331700000000001,0.33617800000000003,0.10379300000000001,0.394751
592,1980-01-25 16:00:00,0.136302,0.13750199999999999,0.362025,0.10264200000000001,0.371481
593,1980-01-25 17:00:00,0.136952,0.17544400000000002,0.425559,0.096485,0.352632
594,1980-01-25 18:00:00,0.12246800000000001,0.19960899999999998,0.452272,0.089603,0.322854
595,1980-01-25 19:00:00,0.102414,0.22112300000000001,0.46458299999999997,0.085774,0.29320100000000004
596,1980-01-25 20:00:00,0.085785,0.241331,0.48337700000000006,0.087059,0.275435
597,1980-01-25 21:00:00,0.07395299999999999,0.2523,0.48847399999999996,0.09131399999999999,0.25551399999999996
598,1980-01-25 22:00:00,0.063459,0.258807,0.471292,0.097424,0.22819099999999998
599,1980-01-25 23:00:00,0.058422,0.258712,0.44708000000000003,0.100347,0.20183099999999998
600,1980-01-26 00:00:00,0.05753099999999999,0.253392,0.414292,0.100478,0.17918399999999998
601,1980-01-26 01:00:00,0.056218,0.243867,0.3884,0.101095,0.167755
602,1980-01-26 02:00:00,0.053922000000000005,0.234017,0.342935,0.105262,0.1638
603,1980-01-26 03:00:00,0.052926,0.23094800000000001,0.317231,0.1033,0.1519
604,1980-01-26 04:00:00,0.054016999999999996,0.232424,0.312069,0.098035,0.132
605,1980-01-26 05:00:00,0.057277999999999996,0.240542,0.322934,0.09649500000000001,0.111331
606,1980-01-26 06:00:00,0.062827,0.250258,0.338656,0.09958600000000001,0.091935
607,1980-01-26 07:00:00,0.072153,0.255945,0.351623,0.107795,0.06589600000000001
608,1980-01-26 08:00:00,0.078538,0.225314,0.318087,0.11641900000000001,0.060148
609,1980-01-26 09:00:00,0.083829,0.149128,0.185776,0.117526,0.08637
610,1980-01-26 10:00:00,0.101354,0.11096099999999999,0.09913,0.113318,0.11047699999999999
611,1980-01-26 11:00:00,0.12250899999999999,0.120466,0.080324,0.108778,0.128966
612,1980-01-26 12:00:00,0.142976,0.135185,0.060298000000000004,0.11134200000000001,0.144762
613,1980-01-26 13:00:00,0.164648,0.140328,0.049397,0.11840099999999999,0.15378
614,1980-01-26 14:00:00,0.17946900000000002,0.13151300000000002,0.046622000000000004,0.128643,0.143458
615,1980-01-26 15:00:00,0.203294,0.117872,0.05227999999999999,0.152898,0.123778
616,1980-01-26 16:00:00,0.251193,0.122982,0.061355999999999994,0.185402,0.11043299999999999
617,1980-01-26 17:00:00,0.264867,0.132867,0.08291,0.201213,0.10968199999999999
618,1980-01-26 18:00:00,0.25101999999999997,0.143803,0.11936400000000001,0.204898,0.112346
619,1980-01-26 19:00:00,0.23021399999999997,0.157574,0.187245,0.203693,0.11830999999999998
620,1980-01-26 20:00:00,0.21714099999999997,0.176805,0.27924099999999996,0.195873,0.132103
621,1980-01-26 21:00:00,0.20127,0.196639,0.353218,0.179127,0.149813
622,1980-01-26 22:00:00,0.184118,0.21439899999999998,0.40662,0.165723,0.172646
623,1980-01-26 23:00:00,0.172852,0.228223,0.43856000000000006,0.162327,0.200147
624,1980-01-27 00:00:00,0.16503099999999998,0.24090300000000003,0.44352600000000003,0.16514,0.231159
625,1980-01-27 01:00:00,0.159685,0.24706399999999998,0.43658800000000003,0.16395,0.261535
626,1980-01-27 02:00:00,0.14873599999999998,0.24779099999999998,0.419021,0.15506,0.286042
627,1980-01-27 03:00:00,0.13942000000000002,0.247381,0.391385,0.1519,0.292478
628,1980-01-27 04:00:00,0.134049,0.23893499999999998,0.37763,0.15765099999999999,0.29237199999999997
629,1980-01-27 05:00:00,0.141037,0.230186,0.373571,0.154427,0.285634
630,1980-01-27 06:00:00,0.15093099999999998,0.231723,0.385457,0.13922,0.278094
631,1980-01-27 07:00:00,0.1537,0.237645,0.41025500000000004,0.12725899999999998,0.286522
632,1980-01-27 08:00:00,0.14438900000000002,0.211234,0.391444,0.12426199999999998,0.357908
633,1980-01-27 09:00:00,0.134408,0.179645,0.262302,0.111072,0.401808
634,1980-01-27 10:00:00,0.143405,0.188076,0.137203,0.09324,0.436475
635,1980-01-27 11:00:00,0.150039,0.192891,0.12468800000000001,0.082687,0.474339
636,1980-01-27 12:00:00,0.14743499999999998,0.189901,0.143745,0.08216,0.5144810000000001
637,1980-01-27 13:00:00,0.137234,0.19030999999999998,0.151648,0.09103,0.542787
638,1980-01-27 14:00:00,0.12625,0.189915,0.153374,0.107901,0.5381100000000001
639,1980-01-27 15:00:00,0.117549,0.189925,0.136213,0.12829300000000002,0.49271800000000004
640,1980-01-27 16:00:00,0.133353,0.195021,0.153054,0.154652,0.48374300000000003
641,1980-01-27 17:00:00,0.15216500000000002,0.21233000000000002,0.209452,0.176231,0.48203199999999996
642,1980-01-27 18:00:00,0.15678399999999998,0.219385,0.25290300000000004,0.195714,0.47651400000000005
643,1980-01-27 19:00:00,0.151424,0.21955999999999998,0.278658,0.21844899999999998,0.47003999999999996
644,1980-01-27 20:00:00,0.14285499999999998,0.218237,0.308667,0.251768,0.461819
645,1980-01-27 21:00:00,0.135351,0.210281,0.343122,0.271357,0.421288
646,1980-01-27 22:00:00,0.1405,0.21440399999999998,0.375289,0.278547,0.353981
647,1980-01-27 23:00:00,0.152997,0.228546,0.40876399999999996,0.293648,0.298487
648,1980-01-28 00:00:00,0.165999,0.241445,0.420408,0.305066,0.265879
649,1980-01-28 01:00:00,0.172601,0.25196,0.41856899999999997,0.31990999999999997,0.248212
650,1980-01-28 02:00:00,0.172311,0.24996100000000002,0.394473,0.32823800000000003,0.231404
651,1980-01-28 03:00:00,0.167312,0.237923,0.371172,0.332635,0.231406
652,1980-01-28 04:00:00,0.16031199999999998,0.22658499999999998,0.365077,0.33464499999999997,0.240096
653,1980-01-28 05:00:00,0.155433,0.213626,0.350182,0.332457,0.241283
654,1980-01-28 06:00:00,0.160022,0.206107,0.31550900000000004,0.329241,0.23221799999999998
655,1980-01-28 07:00:00,0.154281,0.202844,0.290059,0.325935,0.20774499999999999
656,1980-01-28 08:00:00,0.143346,0.179281,0.24240100000000003,0.315172,0.232258
657,1980-01-28 09:00:00,0.150013,0.171228,0.195329,0.296968,0.22765700000000003
658,1980-01-28 10:00:00,0.148201,0.18637,0.175949,0.268361,0.20634499999999997
659,1980-01-28 11:00:00,0.143119,0.196351,0.165457,0.23708200000000001,0.18657
660,1980-01-28 12:00:00,0.131233,0.196329,0.152035,0.205945,0.175526
661,1980-01-28 13:00:00,0.114747,0.186141,0.153351,0.174804,0.16708
662,1980-01-28 14:00:00,0.093452,0.17465899999999998,0.154422,0.144289,0.156717
663,1980-01-28 15:00:00,0.090132,0.15825,0.134011,0.12338800000000001,0.154174
664,1980-01-28 16:00:00,0.1125,0.173368,0.102378,0.11298499999999999,0.16766
665,1980-01-28 17:00:00,0.143463,0.20779299999999998,0.09664600000000001,0.10372200000000001,0.175534
666,1980-01-28 18:00:00,0.177964,0.228621,0.11236900000000001,0.095997,0.175705
667,1980-01-28 19:00:00,0.210248,0.234823,0.148149,0.093557,0.170371
668,1980-01-28 20:00:00,0.235077,0.228717,0.190867,0.093021,0.165037
669,1980-01-28 21:00:00,0.23943299999999998,0.216712,0.231661,0.09224199999999999,0.164753
670,1980-01-28 22:00:00,0.21868400000000002,0.20552399999999998,0.263858,0.09139,0.169703
671,1980-01-28 23:00:00,0.18642,0.200413,0.284722,0.09260299999999999,0.177047
672,1980-01-29 00:00:00,0.148589,0.195682,0.278884,0.095207,0.183426
673,1980-01-29 01:00:00,0.118626,0.19498900000000002,0.24379099999999998,0.097999,0.185344
674,1980-01-29 02:00:00,0.102699,0.192115,0.222029,0.09949,0.186164
675,1980-01-29 03:00:00,0.09349,0.185749,0.20852600000000002,0.10293,0.18709
676,1980-01-29 04:00:00,0.094113,0.181686,0.20635599999999998,0.108299,0.186527
677,1980-01-29 05:00:00,0.096013,0.181315,0.19739,0.11375,0.18646
678,1980-01-29 06:00:00,0.09754700000000001,0.184151,0.17112,0.124188,0.182301
679,1980-01-29 07:00:00,0.099517,0.187691,0.14231,0.141325,0.14969100000000002
680,1980-01-29 08:00:00,0.095358,0.15338,0.10801300000000001,0.16329100000000002,0.16031700000000002
681,1980-01-29 09:00:00,0.096595,0.104821,0.085207,0.18041600000000002,0.176258
682,1980-01-29 10:00:00,0.09758,0.10249000000000001,0.124026,0.195153,0.163339
683,1980-01-29 11:00:00,0.097291,0.119299,0.169959,0.21026399999999998,0.146259
684,1980-01-29 12:00:00,0.09547699999999999,0.130234,0.185824,0.22246,0.130635
685,1980-01-29 13:00:00,0.098451,0.12231600000000001,0.160439,0.22970900000000002,0.11371600000000001
686,1980-01-29 14:00:00,0.107223,0.111144,0.10611400000000001,0.24325300000000002,0.08634700000000001
687,1980-01-29 15:00:00,0.152099,0.10280299999999999,0.087055,0.279686,0.074158
688,1980-01-29 16:00:00,0.224282,0.10680799999999999,0.129822,0.308996,0.081826
689,1980-01-29 17:00:00,0.26598299999999997,0.117783,0.197268,0.331264,0.091687
690,1980-01-29 18:00:00,0.275542,0.128338,0.219243,0.339661,0.104957
691,1980-01-29 19:00:00,0.281041,0.14874300000000001,0.214013,0.34539000000000003,0.11913900000000001
692,1980-01-29 20:00:00,0.29189899999999996,0.170294,0.197795,0.370667,0.135546
693,1980-01-29 21:00:00,0.29444000000000004,0.184817,0.188185,0.401957,0.138026
694,1980-01-29 22:00:00,0.287621,0.195482,0.210117,0.415095,0.128999
695,1980-01-29 23:00:00,0.281521,0.198258,0.20085999999999998,0.40636,0.117372
696,1980-01-30 00:00:00,0.280053,0.19742200000000001,0.181451,0.4027,0.10318900000000002
697,1980-01-30 01:00:00,0.28133400000000003,0.193882,0.173806,0.404472,0.08819500000000001
698,1980-01-30 02:00:00,0.296199,0.18792899999999998,0.18728,0.40875100000000003,0.07480099999999999
699,1980-01-30 03:00:00,0.325843,0.183253,0.201787,0.410893,0.070707
700,1980-01-30 04:00:00,0.357634,0.183865,0.23187199999999997,0.42725799999999997,0.073812
701,1980-01-30 05:00:00,0.393876,0.187575,0.246317,0.44550100000000004,0.078501
702,1980-01-30 06:00:00,0.415159,0.198053,0.255511,0.46244799999999997,0.083476
703,1980-01-30 07:00:00,0.43171400000000004,0.20389200000000002,0.257243,0.49306400000000006,0.078386
704,1980-01-30 08:00:00,0.424872,0.176431,0.23599,0.5221819999999999,0.080956
705,1980-01-30 09:00:00,0.391908,0.15290499999999999,0.21071900000000002,0.511053,0.087908
706,1980-01-30 10:00:00,0.386286,0.195775,0.315535,0.506304,0.08796
707,1980-01-30 11:00:00,0.386219,0.268444,0.421097,0.522514,0.08713
708,1980-01-30 12:00:00,0.38434,0.335529,0.500426,0.530057,0.08204600000000001
709,1980-01-30 13:00:00,0.367579,0.36207399999999995,0.539375,0.5203949999999999,0.076809
710,1980-01-30 14:00:00,0.35188200000000003,0.365029,0.5460729999999999,0.514269,0.071376
711,1980-01-30 15:00:00,0.347211,0.362661,0.493909,0.490913,0.075268
712,1980-01-30 16:00:00,0.363987,0.380716,0.46816199999999997,0.455433,0.089225
713,1980-01-30 17:00:00,0.38311,0.434371,0.503203,0.40174099999999996,0.101573
714,1980-01-30 18:00:00,0.392866,0.470516,0.565498,0.349696,0.11606400000000001
715,1980-01-30 19:00:00,0.395009,0.49228,0.6077819999999999,0.28665999999999997,0.13128199999999998
716,1980-01-30 20:00:00,0.40064299999999997,0.5141479999999999,0.645113,0.251314,0.146281
717,1980-01-30 21:00:00,0.428737,0.524405,0.693879,0.241022,0.15523900000000002
718,1980-01-30 22:00:00,0.450325,0.523938,0.754386,0.203949,0.16011
719,1980-01-30 23:00:00,0.486069,0.515757,0.802167,0.213121,0.163187
720,1980-01-31 00:00:00,0.538105,0.503649,0.805775,0.257826,0.165074
721,1980-01-31 01:00:00,0.610583,0.5046,0.789678,0.329241,0.167036
722,1980-01-31 02:00:00,0.681752,0.505012,0.747609,0.41065,0.168138
723,1980-01-31 03:00:00,0.7421260000000001,0.50461,0.691229,0.484867,0.167022
724,1980-01-31 04:00:00,0.776019,0.513846,0.680504,0.5369149999999999,0.167078
725,1980-01-31 05:00:00,0.790168,0.5144449999999999,0.6363810000000001,0.573044,0.168547
726,1980-01-31 06:00:00,0.800089,0.514091,0.499759,0.61562,0.174234
727,1980-01-31 07:00:00,0.798801,0.5297350000000001,0.41213500000000003,0.6354380000000001,0.18582100000000001
728,1980-01-31 08:00:00,0.796708,0.545665,0.410734,0.642678,0.24204
729,1980-01-31 09:00:00,0.7970149999999999,0.5977,0.473343,0.6449239999999999,0.281516
730,1980-01-31 10:00:00,0.8042520000000001,0.6650159999999999,0.547895,0.651415,0.31354699999999996
731,1980-01-31 11:00:00,0.8147989999999999,0.721571,0.606817,0.651783,0.340903
732,1980-01-31 12:00:00,0.8256600000000001,0.7575930000000001,0.679593,0.637215,0.355084
733,1980-01-31 13:00:00,0.8496469999999999,0.788506,0.754733,0.602051,0.35179299999999997
734,1980-01-31 14:00:00,0.8686879999999999,0.79379,0.803446,0.56866,0.321703
735,1980-01-31 15:00:00,0.879511,0.756373,0.781397,0.5496770000000001,0.297425
736,1980-01-31 16:00:00,0.890416,0.707673,0.670405,0.5528850000000001,0.322193
737,1980-01-31 17:00:00,0.888674,0.686439,0.550462,0.564391,0.35246900000000003
738,1980-01-31 18:00:00,0.873158,0.680404,0.472635,0.553255,0.39471300000000004
739,1980-01-31 19:00:00,0.842398,0.660342,0.41551400000000005,0.513061,0.44347200000000003
740,1980-01-31 20:00:00,0.807531,0.627533,0.36138899999999996,0.46909799999999996,0.484224
741,1980-01-31 21:00:00,0.7832100000000001,0.588037,0.300525,0.433468,0.5133409999999999
742,1980-01-31 22:00:00,0.7714449999999999,0.535108,0.23871599999999998,0.397401,0.531475
743,1980-01-31 23:00:00,0.7599199999999999,0.49443400000000004,0.197726,0.360198,0.557864
